Year,Tonnes of Fish Caught (mil)
2004,94.18942495
2005,93.72294524
2006,91.26607246
2007,91.59572338
2008,90.73543809
2009,90.17984492
2010,88.21319691
2011,92.77610865
