Year,PH Avg,pCO2 Avg
2004,8.088847059,355.3279265
2005,8.082744737,363.9216327
2006,8.076929268,369.2731141
2007,8.077447222,368.7565405
2008,8.08017931,365.1899897
2009,8.073896774,371.9985037
2010,8.0753,367.8422174
2011,8.100788889,343.5137778
